﻿<?xml version="1.0" encoding="utf-8"?>
<?xml-stylesheet type="text/xsl" href="file:///P:/PROGRAMS/MICROSOFT VISUAL STUDIO 14.0/COMMON7/IDE/EXTENSIONS/MICROSOFT/ARCHITECTURE TOOLS/EXTENSIBILITY/Logging/CodeGenLog.xslt"?>
<Log xmlns="http://schemas.microsoft.com/VisualStudio/2010/CodeGen.RE.Log" Label="Code Generation/Text Transformation Log">
  <MessageClass Name="Message" Label="Message" Option="Show informational messages" />
  <MessageClass Name="Warning" Label="Warning" Option="Show warnings" />
  <MessageClass Name="Error" Label="Error" Option="Show errors" />
  <MessageClass Name="Property" Label="Property" Option="Show metadata" />
  <MessageClass Name="Diagnostic" Label="Message" Option="Show diagnostic messages" />
  <Message Timestamp="2016-02-29T21:25:35" Importance="High" Text="Code generation or text transformation started." />
  <Message Timestamp="2016-02-29T21:25:35" Importance="Diagnostic" Text="Name = ClassTemplate" />
  <Message Timestamp="2016-02-29T21:25:35" Importance="Diagnostic" Text="Overwrite = True" />
  <Message Timestamp="2016-02-29T21:25:35" Importance="Diagnostic" Text="ProjectPath = ..\UMLClassModelLib\UMLClassModelLib.csproj" />
  <Message Timestamp="2016-02-29T21:25:35" Importance="Diagnostic" Text="TargetDirectory = GeneratedCode\{PackageStructure}" />
  <Message Timestamp="2016-02-29T21:25:35" Importance="Diagnostic" Text="TargetName = {Name}" />
  <Message Timestamp="2016-02-29T21:25:35" Importance="Diagnostic" Text="TemplateFilePath = P:\PROGRAMS\MICROSOFT VISUAL STUDIO 14.0\COMMON7\IDE\EXTENSIONS\MICROSOFT\ARCHITECTURE TOOLS\EXTENSIBILITY\Templates\Text\ClassTemplate.t4" />
  <Message Timestamp="2016-02-29T21:25:35" Importance="Diagnostic" Text="ResolvedTemplateFilePath = P:\PROGRAMS\MICROSOFT VISUAL STUDIO 14.0\COMMON7\IDE\EXTENSIONS\MICROSOFT\ARCHITECTURE TOOLS\EXTENSIBILITY\Templates\Text\ClassTemplate.t4" />
  <Message Timestamp="2016-02-29T21:25:35" Importance="Medium" Text="UMLClassModel's Text Template Binding: 'ClassTemplate' will apply ClassTemplate.t4 to: 'UMLClassModel::Personkartotek::Phone' -  (Class), 'UMLClassModel::Personkartotek::Person' -  (Class), 'UMLClassModel::Personkartotek::Address' -  (Class), 'UMLClassModel::Personkartotek::AddressElement' -  (Class) " />
  <Message Timestamp="2016-02-29T21:25:36" Importance="Medium" Text="'UMLClassModel::Personkartotek::Phone' -  (Class) : success (file replaced) - C:\Users\Norgaard\Documents\Github\I4DAB\Handin2\UMLClassModel\UMLClassModelLib\GeneratedCode\Personkartotek\Phone.cs" />
  <Message Timestamp="2016-02-29T21:25:36" Importance="Medium" Text="'UMLClassModel::Personkartotek::Person' -  (Class) : success (file replaced) - C:\Users\Norgaard\Documents\Github\I4DAB\Handin2\UMLClassModel\UMLClassModelLib\GeneratedCode\Personkartotek\Person.cs" />
  <Message Timestamp="2016-02-29T21:25:36" Importance="Medium" Text="'UMLClassModel::Personkartotek::Address' -  (Class) : success (file replaced) - C:\Users\Norgaard\Documents\Github\I4DAB\Handin2\UMLClassModel\UMLClassModelLib\GeneratedCode\Personkartotek\Address.cs" />
  <Message Timestamp="2016-02-29T21:25:36" Importance="Medium" Text="'UMLClassModel::Personkartotek::AddressElement' -  (Class) : success (file replaced) - C:\Users\Norgaard\Documents\Github\I4DAB\Handin2\UMLClassModel\UMLClassModelLib\GeneratedCode\Personkartotek\AddressElement.cs" />
  <Message Timestamp="2016-02-29T21:25:36" Importance="Diagnostic" Text="Name = StructTemplate" />
  <Message Timestamp="2016-02-29T21:25:36" Importance="Diagnostic" Text="Overwrite = True" />
  <Message Timestamp="2016-02-29T21:25:36" Importance="Diagnostic" Text="ProjectPath = ..\UMLClassModelLib\UMLClassModelLib.csproj" />
  <Message Timestamp="2016-02-29T21:25:36" Importance="Diagnostic" Text="TargetDirectory = GeneratedCode\{PackageStructure}" />
  <Message Timestamp="2016-02-29T21:25:36" Importance="Diagnostic" Text="TargetName = {Name}" />
  <Message Timestamp="2016-02-29T21:25:36" Importance="Diagnostic" Text="TemplateFilePath = P:\PROGRAMS\MICROSOFT VISUAL STUDIO 14.0\COMMON7\IDE\EXTENSIONS\MICROSOFT\ARCHITECTURE TOOLS\EXTENSIBILITY\Templates\Text\StructTemplate.t4" />
  <Message Timestamp="2016-02-29T21:25:36" Importance="Diagnostic" Text="ResolvedTemplateFilePath = P:\PROGRAMS\MICROSOFT VISUAL STUDIO 14.0\COMMON7\IDE\EXTENSIONS\MICROSOFT\ARCHITECTURE TOOLS\EXTENSIBILITY\Templates\Text\StructTemplate.t4" />
  <Message Timestamp="2016-02-29T21:25:36" Importance="Medium" Text="UMLClassModel's Text Template Binding: 'StructTemplate' will apply StructTemplate.t4 to: 'UMLClassModel::Personkartotek::Phone' -  (Class), 'UMLClassModel::Personkartotek::Person' -  (Class), 'UMLClassModel::Personkartotek::Address' -  (Class), 'UMLClassModel::Personkartotek::AddressElement' -  (Class) " />
  <Message Timestamp="2016-02-29T21:25:36" Importance="Diagnostic" Text="'UMLClassModel::Personkartotek::Phone' -  (Class): no file generated because the 'AppliesToElement' method of the template 'StructTemplate.t4' evaluated to false." />
  <Message Timestamp="2016-02-29T21:25:36" Importance="Diagnostic" Text="'UMLClassModel::Personkartotek::Person' -  (Class): no file generated because the 'AppliesToElement' method of the template 'StructTemplate.t4' evaluated to false." />
  <Message Timestamp="2016-02-29T21:25:36" Importance="Diagnostic" Text="'UMLClassModel::Personkartotek::Address' -  (Class): no file generated because the 'AppliesToElement' method of the template 'StructTemplate.t4' evaluated to false." />
  <Message Timestamp="2016-02-29T21:25:36" Importance="Diagnostic" Text="'UMLClassModel::Personkartotek::AddressElement' -  (Class): no file generated because the 'AppliesToElement' method of the template 'StructTemplate.t4' evaluated to false." />
  <Message Timestamp="2016-02-29T21:25:37" Importance="Diagnostic" Text="The selection included 1 elements which were not bound to a template." />
  <Message Timestamp="2016-02-29T21:25:37" Importance="Diagnostic" Text="'UMLClassModel::Personkartotek' -  (Package): no bound template." />
  <Message Timestamp="2016-02-29T21:25:37" Importance="High" Text="Code generation complete. Errors: 0. Warnings: 0." />
</Log>